rollout/ep_rew_mean,time/fps,eval/mean_reward,time/total_timesteps,train/n_updates,eval/std_reward,eval/mean_ep_length,train/learning_rate,rollout/ep_len_mean,time/iterations,train/critic_loss,train/actor_loss,training/completed
0.0,123.05995114340051,2.423813378458018,400,300,4.951500969521619,4,0.0001,500.0,4,2.488988684490323e-05,-0.0035867225378751755,
0.6366082384466581,135.0037739735838,-7.591003726950905,800,700,4.213975544052695,4,0.0001,500.0,8,3.307905717520043e-05,-0.007438930682837963,
-1.4420943644702142,128.88506215472583,-0.613159979104803,1200,1100,6.015579238692232,4,0.0001,500.0,12,3.90847199014388e-05,0.010479912161827087,
-2.200342267158325,107.28335716808836,-0.4221923308553279,1600,1500,2.939275979018604,4,0.0001,500.0,16,0.000127383551443927,-0.0011650618398562074,
0.03704725742635162,12.697654994238183,-2.2958931180954463,2000,1900,4.3209403589381905,4,0.0001,500.0,20,0.0002724016667343676,-0.014185712672770023,
3.8842724740059005,101.35810989767295,-0.02189780443833933,2400,2300,6.271913732257866,4,0.0001,500.0,24,7.511780131608248e-05,-0.017396505922079086,
2.09904086511717,101.15765751859969,-1.6957595737603237,2800,2700,1.4820402445360288,4,0.0001,500.0,28,9.113209671340883e-05,-0.018419956788420677,
2.4448668417678796,85.03262591478459,7.47170069461709,3200,3100,7.451321242506182,4,0.0001,500.0,32,0.00017980362463276833,-0.005842394661158323,
5.675715186829376,120.77968376100372,2.0886958587205546,3600,3500,6.2221204993635375,4,0.0001,500.0,36,0.0004168281448073685,-0.015518542379140854,
6.221808558404613,11.823454731642393,6.288325333326714,4000,3900,7.0137741456935565,4,0.0001,500.0,40,0.0001624232390895486,-0.013059437274932861,
6.767901929979852,104.5253140267091,5.765459748771616,4400,4300,9.223385417915823,4,0.0001,500.0,44,0.000207564837182872,-0.017294786870479584,
3.914313376192524,119.5604576034398,6.198849460374431,4800,4700,4.270675825671092,4,0.0001,500.0,48,0.00011735074804164469,-0.007666445337235928,
5.300792448848592,112.4224504816875,0.7087891040202632,5200,5100,2.7917668985004354,4,0.0001,500.0,52,0.00012946786591783166,-0.01575082167983055,
6.924477282591407,104.81543799006849,3.5478626980158587,5600,5500,2.450470678579371,4,0.0001,500.0,56,0.00016504753148183227,-0.017532777041196823,
6.328012221230506,11.66665146087933,3.7029609231780984,6000,5900,4.684299090643877,4,0.0001,500.0,60,0.0001615555229363963,-0.012466535903513432,
5.731547159869604,123.04785698380925,5.4088381428844485,6400,6300,4.614001485109757,4,0.0001,500.0,64,0.0001291259250137955,-0.011555543169379234,
5.684158245784158,113.9255620762393,2.1447419586036003,6800,6700,3.8935005168207177,4,0.0001,500.0,68,0.0033508872147649527,-0.016772976145148277,
6.491607023798901,93.7706296082666,3.259750011583111,7200,7100,1.35842784686066,4,0.0001,500.0,72,9.883353777695447e-05,-0.014060617424547672,
6.25839698249662,138.72649444307368,3.2708584566941634,7600,7500,4.517649847436809,4,0.0001,500.0,76,0.0002405350678600371,-0.01621197536587715,
5.763908075652262,11.617826581300388,3.195683671576363,8000,7900,2.546914083211596,4,0.0001,500.0,80,0.00029776859446428716,-0.012647029012441635,
5.269419168807903,122.79852605605227,12.475212558008547,8400,8300,3.6122176092249494,4,0.0001,500.0,84,0.00012872429215349257,-0.01598566398024559,
5.381026010595641,79.76172863124417,7.1095655006206755,8800,8700,3.67687100090091,4,0.0001,500.0,88,0.00016258787945844233,-0.014343012124300003,
5.002736561858077,126.73163936977183,1.5053468988415242,9200,9100,2.0321443231027376,4,0.0001,500.0,92,0.00012741220416501164,-0.012694782577455044,
5.597118881032584,116.75846973421697,1.9257846465354054,9600,9500,2.7008520469232096,4,0.0001,500.0,96,0.00012124095519538969,-0.015113352797925472,
5.652985051786946,11.931415660847835,6.652141896149736,10000,9900,3.7056414320892057,4,0.0001,500.0,100,0.001260864664800465,-0.013707445934414864,
5.708851222541308,114.73652996665933,8.406766468497818,10400,10300,2.2794419736174363,4,0.0001,500.0,104,0.00030119187431409955,-0.01160882692784071,
6.656253659994516,115.1443358940156,8.266280427388349,10800,10700,6.364345540423191,4,0.0001,500.0,108,0.0002367500273976475,-0.018019208684563637,
6.787881538887684,118.66028274973152,6.155976403197831,11200,11100,4.0321616620573,4,0.0001,500.0,112,0.0001489468850195408,-0.01862897165119648,
8.053008999494866,103.50818960911339,8.085777751502786,11600,11500,6.51833661292426,4,0.0001,500.0,116,0.0003212332958355546,-0.019095033407211304,
8.961096886253523,10.906853433384109,4.870544547903368,12000,11900,1.7299355842747426,4,0.0001,500.0,120,0.0001855375594459474,-0.017112890258431435,
9.86918477301218,120.29465177882072,12.292876277185028,12400,12300,6.615815436215849,4,0.0001,500.0,124,0.00025492103304713964,-0.014417823404073715,
8.89731501856331,107.13428388323159,7.749536146614091,12800,12700,4.340952360556587,4,0.0001,500.0,128,0.00018272422312293202,-0.013428032398223877,
8.200762140088484,75.82289171959783,10.810151102689495,13200,13100,6.229890871388527,4,0.0001,500.0,132,0.00016740840510465205,-0.009559478610754013,
7.643367481168875,93.60965149559259,5.183638329452836,13600,13500,5.589900269973514,4,0.0001,500.0,136,0.00025235608336515725,-0.018419375643134117,
6.338583546436732,10.76572040601432,9.095468914821518,14000,13900,9.52117389155022,4,0.0001,500.0,140,0.00023744310601614416,-0.014665912836790085,
5.033799611704591,96.36929603586498,6.448067055319319,14400,14300,6.617173925082785,4,0.0001,500.0,144,0.00023510301252827048,-0.010854335501790047,
2.890920816306162,93.37541230026144,2.6956466765116947,14800,14700,2.856485593315096,4,0.0001,500.0,148,0.00020165702153462917,-0.01601436920464039,
3.737483922406503,110.2749970750586,2.1481811006320375,15200,15100,0.44227469760026755,4,0.0001,500.0,152,0.005063728895038366,-0.007356251589953899,
3.418086468078259,94.63774129577521,5.973818682134377,15600,15500,3.46837242540043,4,0.0001,500.0,156,0.00018417270621284842,-0.012972056865692139,
3.8791771256922503,11.298238655756817,3.5014194647102395,16000,15900,3.1454937400595413,4,0.0001,500.0,160,0.00018413634097669274,-0.016272088512778282,
4.340267783306243,119.04097505486159,5.148379633418366,16400,16300,1.3229098829262251,4,0.0001,500.0,164,0.00011281142360530794,-0.012608536519110203,
5.118046922352041,105.89441218974984,4.199496815217057,16800,16700,4.7071884241108775,4,0.0001,500.0,168,0.00018767095752991736,-0.010022607631981373,
4.303749386634661,113.03984810529138,4.562443674958299,17200,17100,3.323621717589517,4,0.0001,500.0,172,0.0001522436796221882,-0.007484018336981535,
4.974271322848656,149.35379077954963,7.326194005843904,17600,17500,6.412452817870471,4,0.0001,500.0,176,0.00015650090062990785,-0.017605049535632133,
3.9305081339008416,11.568638023996979,5.124965607743417,18000,17900,3.3756138902135326,4,0.0001,500.0,180,0.00015473371604457498,-0.009823000989854336,
2.886744944953027,107.91246705164835,9.533713420502384,18400,18300,5.930277428662485,4,0.0001,500.0,184,0.0001497803459642455,-0.01583791896700859,
1.3329329016600275,100.09689173231916,7.674227096905849,18800,18700,6.337852561543632,4,0.0001,500.0,188,0.00014480113168247044,-0.007772703655064106,
1.7523614601717195,88.17092231157564,5.017441461319885,19200,19100,1.8402233636774428,4,0.0001,500.0,192,0.00019485825032461435,-0.02018648386001587,
2.23502503646822,97.67369940850449,9.376776332314936,19600,19500,5.319214596501121,4,0.0001,500.0,196,0.00016803009202703834,-0.0073837521485984325,
1.5230895632488846,11.051546987184324,6.80931982206873,20000,19900,5.537390313804919,4,0.0001,500.0,200,0.00014549064508173615,-0.01188616268336773,
0.8111540900295491,81.57351966170253,4.620788992083207,20400,20300,1.2196386421901553,4,0.0001,500.0,204,0.00012510122905950993,-0.014352474361658096,
2.1996778260759746,86.9184923615083,3.9182301846144734,20800,20700,5.585428473966926,4,0.0001,500.0,208,0.00015408176113851368,-0.014042169786989689,
2.3110896739943803,101.75538361958958,2.248658710152836,21200,21100,3.032287109095413,4,0.0001,500.0,212,0.0001713522942736745,-0.011659115552902222,
4.132970847977938,83.3948343885508,2.9328946651896404,21600,21500,3.3279488513828603,4,0.0001,500.0,216,0.00012329239689279348,-0.01142437569797039,
3.814207449139971,11.077900653857784,5.0643143866673945,22000,21900,3.1919205692654473,4,0.0001,500.0,220,0.00016985568800009787,-0.016722112894058228,
3.4954440503020052,88.3615389298748,8.492406645968579,22400,22300,4.557576148620441,4,0.0001,500.0,224,0.00015974094276316464,-0.006128100678324699,
4.33979863511375,89.94529903679297,6.436290017273576,22800,22700,3.5714634541134886,4,0.0001,500.0,228,0.00012737496581394225,-0.017402904108166695,
5.117413810505744,101.8265791322596,6.020293226882827,23200,23100,5.521443438603386,4,0.0001,500.0,232,0.0001782688486855477,-0.013867218047380447,
6.388495846612197,127.20882693695825,5.3985341914709215,23600,23500,5.7457521178694435,4,0.0001,500.0,236,0.00017189433856401592,-0.019884143024683,
6.074625290661278,10.96984155612532,4.541580977158017,24000,23900,4.151114736276174,4,0.0001,500.0,240,0.0005926210433244705,-0.012256823480129242,
5.76075473471036,121.19449700127485,8.513734794297275,24400,24300,4.388284013280935,4,0.0001,500.0,244,0.00015119227464310825,-0.011163150891661644,
7.023399048677042,139.20191377142805,4.854092106190167,24800,24700,2.0808410421547285,4,0.0001,500.0,248,0.00016881286865100265,-0.01158999279141426,
4.662204638471375,124.93157409224905,3.1160843302043797,25200,25100,3.029502842037722,4,0.0001,500.0,252,0.0001952117745531723,-0.008581999689340591,
5.285109666102869,106.85280907749961,4.011186639671552,25600,25500,2.8768980514661675,4,0.0001,500.0,256,0.0002659291494637728,-0.015498721040785313,
4.7957034913910945,9.293381307694027,5.408716698735637,26000,25900,3.0159530782649853,4,0.0001,500.0,260,0.00016370820230804384,-0.01006156112998724,
4.306297316679318,86.4318435190089,6.384378219690258,26400,26300,6.578785738820021,4,0.0001,500.0,264,0.00014950762852095068,-0.013666308484971523,
4.790393437669065,91.42791374835342,1.355570521120627,26800,26700,1.8959201725534796,4,0.0001,500.0,268,0.00019432089175097644,-0.005901065189391375,
4.347290342417379,84.90349556809156,5.093777894790268,27200,27100,4.93923694914837,4,0.0001,500.0,272,0.0001584819983690977,-0.012421147897839546,
5.630740549515609,122.75374585436151,1.8147520085205857,27600,27500,2.849019900621522,4,0.0001,500.0,276,0.000176563102286309,-0.012668363749980927,
4.880151035469724,8.62166399292491,5.833028326477788,28000,27900,5.980051620612572,4,0.0001,500.0,280,0.00019039609469473362,-0.008684378117322922,
4.129561521423839,107.997214007722,8.368660483878978,28400,28300,5.593989213175127,4,0.0001,500.0,284,0.00019901229825336486,-0.011498667299747467,
9.141886896160639,116.38817666189382,4.99916790534681,28800,28700,4.17787835164069,4,0.0001,500.0,288,0.0002601846354082227,-0.014652990736067295,
9.023186737976038,137.2553985992063,4.133623805961585,29200,29100,1.7973757320512125,4,0.0001,500.0,292,0.00020582298748195171,-0.007026327308267355,
11.001405828522829,94.67847992686313,6.3527824689051196,29600,29500,5.222631824049635,4,0.0001,500.0,296,0.00021927611669525504,-0.006134870927780867,
10.48186483914087,10.685102882134535,4.8532073070637605,30000,29900,0.8447307396005463,4,0.0001,500.0,300,0.0002085224841721356,-0.010525140911340714,
9.962323849758912,69.93721447291938,4.6244140149090605,30400,30300,4.8713404794008115,4,0.0001,500.0,304,0.00017984406440518796,-0.009335869923233986,
9.883591626283614,98.62313831163029,10.018538366587247,30800,30700,8.679375340123665,4,0.0001,500.0,308,0.00014847080456092954,-0.009557782672345638,
4.413062125405219,109.93177594833529,6.131490601271357,31200,31100,6.206636108521662,4,0.0001,500.0,312,0.00013008723908569664,-0.015594671480357647,
3.254354184271876,110.97031666579798,5.373778550187412,31600,31500,3.2389298145133045,4,0.0001,500.0,316,0.00020904513075947762,-0.010041611269116402,
1.9721019673004883,11.040530075498696,-1.204807898211658,32000,31900,2.7878999640596187,4,0.0001,500.0,320,0.0002019527310039848,-0.009067023172974586,
0.689849750329101,98.48451904576967,6.046014080682315,32400,32300,8.945575071412891,4,0.0001,500.0,324,0.00020453731121961027,-0.01454145647585392,
2.0575509319395175,136.6915609344671,3.787863214931145,32800,32700,2.3421652876480765,4,0.0001,500.0,328,0.00023118240642361343,-0.010459567420184612,
3.0195312791701334,113.43026221207055,9.03534483306245,33200,33100,6.379408273719476,4,0.0001,500.0,332,0.00012330655590631068,-0.015349569730460644,
3.1189346302295924,112.99803493579192,2.752908628027169,33600,33500,4.0575838139816955,4,0.0001,500.0,336,0.00019790511578321457,-0.014300679787993431,
3.5925250709345597,9.525086018191733,1.4734788443407392,34000,33900,2.045115387584798,4,0.0001,500.0,340,0.00015330311725847423,-0.019389431923627853,
4.066115511639527,115.54814308528647,1.4415629050559682,34400,34300,4.356842710087011,4,0.0001,500.0,344,0.0002042604610323906,-0.013200720772147179,
3.014078479752148,142.9255774282553,9.99414419435811,34800,34700,4.946607579234759,4,0.0001,500.0,348,0.00017515799845568836,-0.008546636439859867,
1.9107959381938635,126.92511839736122,2.2567114607104495,35200,35100,4.3348501426266415,4,0.0001,500.0,352,0.0001957271306309849,-0.008881431072950363,
2.3545714145709717,116.56886597330727,5.966942978463103,35600,35500,4.253704066441991,4,0.0001,500.0,356,0.00021961104357615113,-0.009081042371690273,
2.94380202856068,9.997512720936705,4.385263399521412,36000,35900,3.548891605050354,4,0.0001,500.0,360,0.00020451325690373778,-0.010508484207093716,
3.533032642550387,91.95409556306511,2.3359992746634592,36400,36300,5.480983138497626,4,0.0001,500.0,364,0.00023879908258095384,-0.01223839446902275,
4.370275167404415,170.28350107383696,5.413372936447625,36800,36700,2.4723989996905984,4,0.0001,500.0,368,0.0001633508800296113,-0.013899534940719604,
6.96734581599118,137.56137173577798,8.881619896221812,37200,37100,7.152872117309916,4,0.0001,500.0,372,0.00019740038260351866,-0.01984856091439724,
8.02527043342082,138.03781975291903,3.2097238584981094,37600,37500,6.970376439482368,4,0.0001,500.0,376,0.0001648477918934077,-0.013469205237925053,
7.972777658319783,10.886897820579744,8.112034414513044,38000,37900,3.9326549840357115,4,0.0001,500.0,380,0.0001943826791830361,-0.013274924829602242,
7.920284883218747,101.82168465046183,4.5795039811162574,38400,38300,4.246578509249169,4,0.0001,500.0,384,0.00024744836264289916,-0.009976624511182308,
7.83904833912398,99.39104294263367,2.429286146142173,38800,38700,4.165578810977396,4,0.0001,500.0,388,0.00014721762272529304,-0.011343598365783691,
6.459528729320209,92.92807458521611,2.2435366287245486,39200,39100,2.475723809926127,4,0.0001,500.0,392,0.0001463323860662058,-0.008462464436888695,
4.103134135034888,105.1583265242778,5.872207554856198,39600,39500,2.813931992403057,4,0.0001,500.0,396,0.00014724201173521578,-0.011166404001414776,
4.469240211084611,10.63305034247526,2.8923740692520354,40000,39900,4.168556565539857,4,0.0001,500.0,400,0.00015034578973427415,-0.012005659751594067,
4.835346287134333,110.2076583253171,6.753712597931956,40400,40300,2.2011822055139625,4,0.0001,500.0,404,0.00017867356655187905,-0.011237716302275658,
3.4370721653137424,112.42296274952591,3.4741003902869325,40800,40700,2.9463562434580646,4,0.0001,500.0,408,0.00021293023019097745,-0.015732936561107635,
3.057718472900149,98.47191769903256,13.725947572695734,41200,41100,5.27544003090194,4,0.0001,500.0,412,0.0001310024963459,-0.01042821817100048,
1.440929749280279,85.4939127201808,6.8574070865767105,41600,41500,3.724961461177437,4,0.0001,500.0,416,0.0002071172057185322,-0.01537268701940775,
2.59700844221286,12.190650158378318,0.3761133342249651,42000,41900,1.609567840299706,4,0.0001,500.0,420,0.00021592320990748703,-0.004215459804981947,
3.753087135145441,113.20246090898172,12.38228096519964,42400,42300,11.375252554688583,4,0.0001,500.0,424,0.00014181490405462682,-0.011961364187300205,
3.0102599815078226,83.51357604540706,2.3127566680503366,42800,42700,4.175548836905369,4,0.0001,500.0,428,0.0001905434182845056,-0.010044782422482967,
3.665206474928938,102.0000184822116,3.587570195623136,43200,43100,3.426161890926768,4,0.0001,500.0,432,0.0001844189246185124,-0.009176802821457386,
3.325085396206206,98.96983502919564,7.883227303985008,43600,43500,8.458933977096738,4,0.0001,500.0,436,0.00019473825523164123,-0.006156164221465588,
4.09518338768752,11.798006551441445,8.529005513982153,44000,43900,5.860969350810603,4,0.0001,500.0,440,0.00016329580103047192,-0.0128170819953084,
4.8652813791688345,133.6855525523994,4.548235047765518,44400,44300,3.379833398010741,4,0.0001,500.0,444,0.00015096456627361476,-0.011725835502147675,
2.624744620561104,101.20547396512598,3.974007045594187,44800,44700,5.180003431322997,4,0.0001,500.0,448,0.00015261047519743443,-0.004814446903765202,
2.674381905872619,125.10399224017749,2.803536272257958,45200,45100,4.258522030383537,4,0.0001,500.0,452,0.0001169765746453777,-0.010855990462005138,
3.016287033090353,126.12024335774268,3.8387862027942616,45600,45500,4.178923989519435,4,0.0001,500.0,456,0.0003429870121181011,-0.009059730917215347,
2.6071819419665756,11.34058126189404,8.850184854527292,46000,45900,9.075162683880833,4,0.0001,500.0,460,0.00015262012311723083,-0.0137752965092659,
2.198076850842799,146.1443204711959,4.5766842082552195,46400,46300,5.298356673424737,4,0.0001,500.0,464,0.0001965089759323746,-0.00979500263929367,
1.1364372350100147,98.5880413898731,6.264346090569685,46800,46700,2.7529442818405276,4,0.0001,500.0,468,0.00014416918565984815,-0.010634125210344791,
0.7866640783968967,88.5190614536081,-1.1871191179392557,47200,47100,0.3793341293151961,4,0.0001,500.0,472,0.00013681399286724627,-0.012242469936609268,
0.502870774308233,84.832745574414,5.096228848418374,47600,47500,3.6949224247321713,4,0.0001,500.0,476,0.0002268043754156679,-0.0081155551597476,
0.007313675212084869,12.365315463239275,2.5976589518138034,48000,47900,4.911216881529405,4,0.0001,500.0,480,0.00018824671860784292,-0.00953307282179594,
-0.4882434238840633,95.25380209765737,4.084277544509574,48400,48300,3.7077868438049535,4,0.0001,500.0,484,0.0001454387092962861,-0.007346601225435734,
0.692367319199721,92.65813702159923,5.349639816588393,48800,48700,3.8808675951964866,4,0.0001,500.0,488,0.00019753669039346278,-0.012081094086170197,
0.759287759846069,84.9500797488544,4.481114070140068,49200,49100,4.786331937079579,4,0.0001,500.0,492,0.0002898870734497905,-0.01242845505475998,
0.9714418616059464,98.80514277179928,1.4883411024727586,49600,49500,2.3196840822831204,4,0.0001,500.0,496,0.00013840614701621234,-0.01098710484802723,
1.0690179244071063,9.616875976764982,6.6048610228504225,50000,49900,3.7481263729845105,4,0.0001,500.0,500,0.00014285027282312512,-0.011011572554707527,
1.1665939872082662,104.9116557306152,5.6883299509856835,50400,50300,3.8681984494888835,4,0.0001,500.0,504,0.00018302172247786075,-0.008978252299129963,
1.3300949459372187,93.04489878495808,4.360668505027383,50800,50700,3.0543160098845066,4,0.0001,500.0,508,0.00013022040366195142,-0.007475352846086025,
2.9225070493986474,87.21079988173126,7.218327187440938,51200,51100,3.9477264815004425,4,0.0001,500.0,512,0.0001966418931260705,-0.011063873767852783,
2.664818460436956,90.48855965771311,5.519252294658038,51600,51500,4.507872443010732,4,0.0001,500.0,516,0.0002077179087791592,-0.007693865802139044,
3.4655219272398505,10.940443748127818,8.59224336589778,52000,51900,3.250932151248085,4,0.0001,500.0,520,0.00022332511434797198,-0.011737518012523651,
4.266225394042745,101.14350919871403,3.9119016251331935,52400,52300,2.5712037849678637,4,0.0001,500.0,524,0.00016066832176875323,-0.009968510828912258,
3.9462666869987,124.71785893333222,7.319640856898538,52800,52700,4.743831469867935,4,0.0001,500.0,528,0.00017659255536273122,-0.008606214076280594,
3.5417544528169222,124.54557818038855,5.333652726968218,53200,53100,1.8615011575419977,4,0.0001,500.0,532,0.00013809418305754662,-0.006686728447675705,
1.2841860700899566,107.09574032927128,6.283532803654518,53600,53500,3.769095475029483,4,0.0001,500.0,536,0.00021268890122883022,-0.00694226985797286,
1.50394659912204,11.506240407360519,1.968407617385215,54000,53900,2.1964662609233354,4,0.0001,500.0,540,0.0001822631893446669,-0.010454866103827953,
1.7237071281541236,135.8518628883109,4.006906863116145,54400,54300,1.6182630011393404,4,0.0001,500.0,544,0.00018347034347243607,-0.00863103661686182,
0.8212001046990963,105.07136769758073,6.425938765071091,54800,54700,2.907162441538983,4,0.0001,500.0,548,0.0001437801111023873,-0.011198568157851696,
1.8226003365875159,98.21408040560365,7.5413698145090695,55200,55100,2.6399586207108756,4,0.0001,500.0,552,0.00016364813200198114,-0.010139054618775845,
4.682666110836996,123.28740225757734,9.40782040048293,55600,55500,3.720004131661178,4,0.0001,500.0,556,0.0001559962547617033,-0.008913165889680386,
5.64880590644177,11.922326075634087,6.437613950079406,56000,55900,3.289659234484486,4,0.0001,500.0,560,0.0001691465440671891,-0.012334697879850864,
6.614945702046545,123.83902683870205,5.281315779544902,56400,56300,2.3193620987126344,4,0.0001,500.0,564,0.00022961891954764724,-0.01462351344525814,
6.663965127521685,99.34956098919788,7.190438482608587,56800,56700,4.903950514143431,4,0.0001,500.0,568,0.00011726911907317117,-0.012660532258450985,
6.605009474846552,107.76034028629185,5.157491003843351,57200,57100,3.589829237413879,4,0.0001,500.0,572,0.0001378543529426679,-0.01504906453192234,
7.2223109744423795,87.2821953064977,3.9131081277241773,57600,57500,1.8480230166290392,4,0.0001,500.0,576,0.00015108946536201984,-0.010757547803223133,
6.231785020373506,11.442488177225348,4.845225283956156,58000,57900,3.445691261931917,4,0.0001,500.0,580,0.0002046255540335551,-0.014660385437309742,
5.2412590663046315,108.978881610588,11.132262997055548,58400,58300,5.346815840518839,4,0.0001,500.0,584,0.00016007435624487698,-0.013945313170552254,
4.594606750562992,112.41814158995547,10.34086985470099,58800,58700,5.336449270803325,4,0.0001,500.0,588,0.00020905581186525524,-0.011201048269867897,
5.278681603536397,138.33492964361383,6.142143593267588,59200,59100,0.8134868792755638,4,0.0001,500.0,592,0.00020463665714487433,-0.010573359206318855,
5.660106015377491,132.31359772262974,7.584728975265109,59600,59500,6.403575083626106,4,0.0001,500.0,596,0.00014635281695518643,-0.009098336100578308,
5.121248979320098,11.393804023606554,2.114825008679348,60000,59900,2.306689394185031,4,0.0001,500.0,600,0.00019704803708009422,-0.012812214903533459,
4.5823919432627065,121.9443864583509,6.740261753738369,60400,60300,6.009071803075285,4,0.0001,500.0,604,0.00014915333304088563,-0.01336689479649067,
3.604822123603642,114.28322310915028,7.46061075055008,60800,60700,4.68649165229868,4,0.0001,500.0,608,0.00017596036195755005,-0.013424056582152843,
2.5333696839595725,108.10894963297429,9.118917349656504,61200,61100,5.860969616221552,4,0.0001,500.0,612,0.00020337107707746327,-0.006814238615334034,
3.846943758113406,128.49078082666827,4.523659759851901,61600,61500,4.191163886733492,4,0.0001,500.0,616,0.00019907442037947476,-0.0077890269458293915,
3.93534599738321,11.34380421656019,6.186096860326024,62000,61900,5.519516064620406,4,0.0001,500.0,620,0.0001684396993368864,-0.006717119365930557,
4.023748236653015,112.40907290408722,4.225500221169257,62400,62300,2.1677693022626365,4,0.0001,500.0,624,0.0001468190021114424,-0.009302630089223385,
4.7197220835216545,81.4862448987363,7.980865317185217,62800,62700,6.136394885840571,4,0.0001,500.0,628,0.0001855459704529494,-0.014782936312258244,
5.9076858843505855,109.94278356838868,15.314010954403495,63200,63100,2.6752718641659823,4,0.0001,500.0,632,0.00011663170880638063,-0.013931654393672943,
7.879743958124552,131.8297325848227,7.460230334075431,63600,63500,2.3978010368136324,4,0.0001,500.0,636,0.00019006042566616088,-0.013684251345694065,
7.478988705533598,12.084237220527251,10.365691329096224,64000,63900,5.701648386917591,4,0.0001,500.0,640,0.00024985638447105885,-0.01253595296293497,
7.0782334529426425,120.10970026010428,6.073925311498838,64400,64300,4.542858273320774,4,0.0001,500.0,644,0.00015576864825561643,-0.006616227328777313,
8.696199925693366,129.689750428712,7.528213985401294,64800,64700,2.6373305435225873,4,0.0001,500.0,648,0.0001401442859787494,-0.01365482248365879,
8.913153569017163,115.93017827464506,2.7699142708686324,65200,65100,5.302507465286228,4,0.0001,500.0,652,0.00015250354772433639,-0.01673744060099125,
8.618184161220677,157.56669144825,10.634202927020493,65600,65500,8.293602647553815,4,0.0001,500.0,656,0.00021272886078804731,-0.00876847468316555,
8.229937076292174,11.86731515117408,6.634431423953295,66000,65900,4.692025814508008,4,0.0001,500.0,660,0.00019968426204286516,-0.015124354511499405,
7.841689991363668,80.91270009684128,5.761656422221898,66400,66300,4.7492625474545,4,0.0001,500.0,664,0.00015284334949683398,-0.011555127799510956,
6.365589058945728,98.09693117317437,7.645885078765753,66800,66700,5.176460997474046,4,0.0001,500.0,668,0.00017762003699317575,-0.012501727789640427,
4.221240940332197,103.9089373789644,9.01286200755179,67200,67100,6.006085965094193,4,0.0001,500.0,672,0.00016923362272791564,-0.01045556552708149,
3.099693724179066,110.44963753604034,9.11751784616192,67600,67500,5.0069355363705865,4,0.0001,500.0,676,0.00017699500313028693,-0.012905392795801163,
3.0611426682961937,10.873107101130481,9.867784400796497,68000,67900,5.7216967334715925,4,0.0001,500.0,680,0.000130606975289993,-0.013260040432214737,
3.0225916124133216,113.59209365333253,6.465341845971443,68400,68300,4.6587193114363625,4,0.0001,500.0,684,0.00022305153834167868,-0.007893158122897148,
3.494771581466241,101.7739263616857,11.87714038728056,68800,68700,5.3150062900845665,4,0.0001,500.0,688,0.00018650444690138102,-0.01090394239872694,
3.996643204033248,136.67886607126272,5.262542881613517,69200,69100,4.9185384925375715,4,0.0001,500.0,692,0.0001697885018074885,-0.011537362821400166,
5.013176467890585,143.54311559756357,6.668353953970725,69600,69500,4.663984580293469,4,0.0001,500.0,696,0.00019525093375705183,-0.009543207474052906,
6.25585958559601,10.532332922952001,11.142630942124217,70000,69900,2.6820158354229946,4,0.0001,500.0,700,0.00021040646242909133,-0.011068773455917835,
7.498542703301436,78.19415540120444,5.862043913136704,70400,70300,3.491955215333943,4,0.0001,500.0,704,0.0002865311107598245,-0.014086519367992878,
11.229355309888422,86.7463679917934,8.436917927975403,70800,70700,6.174935846416428,4,0.0001,500.0,708,0.00020068961021024734,-0.013152101077139378,
12.25895064345256,127.83895288162374,6.029798885184453,71200,71100,2.502973313501538,4,0.0001,500.0,712,0.00013663092977367342,-0.013411745429039001,
12.557734355501426,144.52536987577716,7.753848904806095,71600,71500,3.013622105029884,4,0.0001,500.0,716,0.0001643060240894556,-0.00893302820622921,
12.987470728066985,10.89426526039186,5.498727230768966,72000,71900,1.709688279276286,4,0.0001,500.0,720,0.0001468117698095739,-0.01144071202725172,
13.417207100632542,93.53583541027008,7.90435435161456,72400,72300,7.255437263789357,4,0.0001,500.0,724,0.00024342889082618058,-0.008711211383342743,
13.753048299929688,83.57095065925408,9.309716582293916,72800,72700,4.3688312060959,4,0.0001,500.0,728,0.0002209329977631569,-0.014334225095808506,
9.75138573391379,101.56998279683214,5.825291889230484,73200,73100,1.4569869371168274,4,0.0001,500.0,732,0.00020225648768246174,-0.008827573619782925,
7.8075201388890445,157.41187694240773,7.7305695095568705,73600,73500,6.188857680977333,4,0.0001,500.0,736,0.00017787402612157166,-0.01248800940811634,
7.560256417019839,10.991316598253256,7.857851994954298,74000,73900,4.739876255131595,4,0.0001,500.0,740,0.00015331016038544476,-0.012422231957316399,
7.312992695150633,89.53360938596008,9.04201990925216,74400,74300,4.430913544381309,4,0.0001,500.0,744,0.00013292997027747333,-0.01568857952952385,
5.979853376012952,89.52214349227164,9.962234546833763,74800,74700,3.8287754909344045,4,0.0001,500.0,748,0.00021633075084537268,-0.009396088309586048,
4.628846769688233,135.00707657475112,11.952158076741789,75200,75100,5.507138758928667,4,0.0001,500.0,752,0.0002089628396788612,-0.008650131523609161,
4.983259091425895,98.58683639109013,5.775815778837435,75600,75500,2.4875347655345292,4,0.0001,500.0,756,0.00018392695346847177,-0.007199504878371954,
4.923556927829034,11.302766031564985,4.748549721796081,76000,75900,2.3464594209428977,4,0.0001,500.0,760,0.00018947856733575463,-0.009878963232040405,
4.863854764232173,88.45971251622646,9.420304308544132,76400,76300,4.165069304488642,4,0.0001,500.0,764,0.00035408453550189734,-0.016688406467437744,
5.152209008481324,131.64163805065232,4.216657958308978,76800,76700,2.7079918000079646,4,0.0001,500.0,768,0.000198781825019978,-0.010449243709445,
7.156404069010978,132.60017558607464,13.190995169583807,77200,77100,5.354378859527122,4,0.0001,500.0,772,0.0001779294980224222,-0.0017100709956139326,
6.3337738360062845,137.58673174828112,5.003274470516718,77600,77500,5.218856107423342,4,0.0001,500.0,776,0.000142149772727862,-0.013426319696009159,
6.194521965303645,11.329063480914977,5.971363536575362,78000,77900,2.985143674873654,4,0.0001,500.0,780,0.00020519478130154312,-0.013828261755406857,
6.0552700946010045,120.32650471101212,8.70170690164427,78400,78300,2.0668806357003735,4,0.0001,500.0,784,0.00018266765982843935,-0.009205121546983719,
6.498005185037042,143.86871781925376,8.03659242396254,78800,78700,6.344251729010788,4,0.0001,500.0,788,0.00020814943127334118,-0.012355918064713478,
7.5174108236932495,100.71092824062069,5.69429236700714,79200,79100,5.408513202184188,4,0.0001,500.0,792,0.00015551180695183575,-0.011111903935670853,
5.47876533129404,131.96179363162173,7.432283644173347,79600,79500,5.733622345529228,4,0.0001,500.0,796,0.0001542311511002481,-0.015110225416719913,
5.484399011639836,11.55492158388586,7.537224058811002,80000,79900,3.179947688474848,4,0.0001,500.0,800,0.00015139856259338558,-0.013073560781776905,
5.49003269198563,124.00704725260333,5.071297510532948,80400,80300,2.844909732038063,4,0.0001,500.0,804,0.0001632168423384428,-0.0118262879550457,
6.477606322716037,122.49254555171679,7.377444189238053,80800,80700,3.944479766934042,4,0.0001,500.0,808,0.0001805091742426157,-0.01360815018415451,
5.569046924514922,136.72836709133927,6.127374356865211,81200,81100,2.777169215931825,4,0.0001,500.0,812,0.0001997911895159632,-0.014029542915523052,
5.9160342190174005,125.14986908553824,10.363301935386989,81600,81500,4.03200819149891,4,0.0001,500.0,816,0.00026989448815584183,-0.008580576628446579,
6.115050581187335,11.50168515993903,4.716304163099886,82000,81900,2.0251939946368225,4,0.0001,500.0,820,0.00016346981283277273,-0.013330778107047081,
6.314066943357268,122.94210737514176,3.750782685417552,82400,82300,1.1195954058910056,4,0.0001,500.0,824,0.00017002737149596214,-0.011862034909427166,
6.555134753151793,121.77437430392727,6.283061649135222,82800,82700,3.1384018104216604,4,0.0001,500.0,828,0.00016237206000369042,-0.009515205398201942,
6.095661961627662,133.1384333021303,12.62032388114423,83200,83100,9.002464808867327,4,0.0001,500.0,832,0.00017786986427381635,-0.012074374593794346,
7.95324289807355,105.40963023353301,7.343546508278153,83600,83500,4.755954855012395,4,0.0001,500.0,836,0.00014783127699047327,-0.010735803283751011,
7.759712912771273,12.007660412247441,11.042220434645373,84000,83900,4.901201004309375,4,0.0001,500.0,840,0.0001618333044461906,-0.011991798877716064,
7.566182927468996,123.13346976652427,3.420322832362542,84400,84300,2.9755358144352906,4,0.0001,500.0,844,0.00016964648966677487,-0.019175810739398003,
6.997679658405124,87.05729881237876,8.713947440932715,84800,84700,6.258090523550121,4,0.0001,500.0,848,0.0001741768210195005,-0.006929582916200161,
6.8246189036939695,86.73164106538604,7.866526980268053,85200,85100,6.804571880723949,4,0.0001,500.0,852,0.00018510367954149842,-0.0104872677475214,
6.8251436836779975,81.24481118826937,1.9669926581027954,85600,85500,0.7432311090873066,4,0.0001,500.0,856,0.00018886210455093533,-0.005367524456232786,
5.873329325193689,10.208791157169744,8.577467199827762,86000,85900,3.3369763427872914,4,0.0001,500.0,860,0.00014579780690837651,-0.00897744670510292,
4.921514966709379,95.56839936584004,3.166374908593683,86400,86300,3.9645103686794605,4,0.0001,500.0,864,0.0002103394508594647,-0.014632939361035824,
4.708854731667432,135.49270350052365,11.470151536083335,86800,86700,4.454435921197068,4,0.0001,500.0,868,0.0002315820165676996,-0.016275789588689804,
4.923187560262795,118.26931021054867,2.9759486455753352,87200,87100,2.371801290014413,4,0.0001,500.0,872,0.00014676862338092178,-0.0196022130548954,
4.319324975320126,138.2840763613021,1.9149173150510714,87600,87500,1.45549337055916,4,0.0001,500.0,876,0.00017763429787009954,-0.01285719033330679,
5.221888432273202,11.979359066772174,3.998358281043028,88000,87900,1.7361734011966323,4,0.0001,500.0,880,0.0002356938348384574,-0.005567291751503944,
6.12445188922628,129.35672976333814,5.63105187909254,88400,88300,4.533654117871964,4,0.0001,500.0,884,0.00020303786732256413,-0.009715192019939423,
6.849850801997555,89.79811874373102,4.866870873061633,88800,88700,3.8280289905686313,4,0.0001,500.0,888,0.00033628573874011636,-0.013886955566704273,
7.8516206247071505,140.73424127294524,5.400556655847488,89200,89100,6.088810274208749,4,0.0001,500.0,892,0.00018407622701488435,-0.010147351771593094,
8.846609743059476,82.56131760989514,3.236378504189944,89600,89500,4.072338055430184,4,0.0001,500.0,896,0.00019152226741425693,-0.015922609716653824,
9.296607739475643,12.432570273685538,5.7478663762316184,90000,89900,3.00045200297836,4,0.0001,500.0,900,0.00022138271015137434,-0.011336177587509155,
9.746605735891809,128.3965764619052,3.87482630285229,90400,90300,1.163763102171087,4,0.0001,500.0,904,0.00018789723981171846,-0.005750988144427538,
9.350187976135823,133.79450920847177,2.4632832733653536,90800,90700,1.9728802871033868,4,0.0001,500.0,908,0.00020449527073651552,-0.014011552557349205,
9.729239206816137,126.67269682450278,9.736159787814719,91200,91100,4.612747864500572,4,0.0001,500.0,912,0.00017231068341061473,-0.013408475555479527,
8.157985264892517,108.06814240875036,7.724347742842561,91600,91500,4.879746230752678,4,0.0001,500.0,916,0.00021125766215845942,-0.013003434985876083,
7.344469640495873,10.42660336249745,7.1119366892927705,92000,91900,1.6889594881078376,4,0.0001,500.0,920,0.00019000691827386618,-0.017142634838819504,
6.53095401609923,127.38770861490335,7.441597875813452,92400,92300,3.5948719578306667,4,0.0001,500.0,924,0.0001801236649043858,-0.014479831792414188,
7.292718241097036,121.12904651145328,10.746419784732002,92800,92700,2.814541525349231,4,0.0001,500.0,928,0.00019444266217760742,-0.011416290886700153,
7.937633726741799,147.34962048102616,4.728859670777236,93200,93100,0.6969758574072106,4,0.0001,500.0,932,0.0002093469083774835,-0.012179331853985786,
7.101838036058837,109.4167212319315,5.365797509556998,93600,93500,2.9028824153139072,4,0.0001,500.0,936,0.00015412674110848457,-0.013366303406655788,
6.928309494007324,12.37784295331988,5.4725012431338005,94000,93900,6.165447124279422,4,0.0001,500.0,940,0.00023295966093428433,-0.011484405025839806,
6.754780951955813,119.1457691404145,6.208069038320691,94400,94300,5.340485032614227,4,0.0001,500.0,944,0.0002242331684101373,-0.00885983370244503,
7.7807992010074,125.45318697989605,6.856542570677924,94800,94700,2.691398324208683,4,0.0001,500.0,948,0.00018850696505978703,-0.011941187083721161,
5.540927768682423,112.3187672288625,5.036413514711285,95200,95100,2.46287981259304,4,0.0001,500.0,952,0.0002576716069597751,-0.014988772571086884,
3.0518108563834656,91.65131061271038,4.556060578529316,95600,95500,2.480407874496703,4,0.0001,500.0,956,0.00023288314696401358,-0.011329996399581432,
3.6525561642819695,10.640696521880978,4.828989135599553,96000,95900,4.046170181097215,4,0.0001,500.0,960,0.00023797256289981306,-0.012765848077833652,
4.253301472180473,87.91477454345377,8.942642707077097,96400,96300,4.390471664498762,4,0.0001,500.0,964,0.0001832050911616534,-0.011896088719367981,
5.3351883259242445,121.86190566119964,9.705604228742379,96800,96700,3.3939269161201198,4,0.0001,500.0,968,0.00018065617769025266,-0.01284966804087162,
4.668612178118937,112.9269961307672,5.66797878919076,97200,97100,2.5187060465739277,4,0.0001,500.0,972,0.00019174264161847532,-0.012550631538033485,
5.659924328829063,80.87984101340456,8.419927365654253,97600,97500,3.205141855547223,4,0.0001,500.0,976,0.00020197810954414308,-0.008227240294218063,
5.977474362162974,9.41456724389149,7.446126175716824,98000,97900,7.579167112664786,4,0.0001,500.0,980,0.00023306664661504328,-0.011766191571950912,
6.295024395496885,84.72990512514129,5.404396155848044,98400,98300,2.9557841621045147,4,0.0001,500.0,984,0.00021136377472430468,-0.016190320253372192,
7.096384732929989,83.34980733957715,7.217132758697472,98800,98700,6.729594396292464,4,0.0001,500.0,988,0.0003023193567059934,-0.012556430883705616,
8.266283327284368,80.55110322430723,6.930577366062898,99200,99100,2.9556626947619407,4,0.0001,500.0,992,0.00022632804757449776,-0.006585218943655491,
8.48365600801711,134.74597534205296,6.179783928547302,99600,99500,4.392950180482077,4,0.0001,500.0,996,0.00017246895004063845,-0.0158221535384655,
8.98355909561376,11.522227895621455,9.065502007123769,100000,99900,4.161776561026277,4,0.0001,500.0,1000,0.00015160260954871774,-0.013634426519274712,
,,,,,,,,,,,,1.0
